,shapiro_stat,shapiro_p_value,is_normal
PERIMETER,0.45517734025940304,2.7653573232431818e-43,False
AREA,0.16396432004906203,8.086398041908783e-50,False
Shape_Leng,0.4520986450762635,2.2848553237573662e-43,False
Shape_Area,0.160526023153587,6.963496099161747e-50,False
