,shapiro_stat,shapiro_p_value,is_normal
PERIMETER,0.7990960647248093,2.029961025434936e-28,False
AREA,0.4912218985637341,1.961850779005098e-40,False
Shape_Leng,0.7908813758654871,6.839014204666706e-29,False
Shape_Area,0.4590380136648283,2.6398092605045025e-41,False
